{
    "last_tab": "95",
    "logo": {
        "url": "http:\/\/azexo.com\/sportak\/wp-content\/uploads\/2015\/10\/logo.png",
        "id": "432",
        "height": "40",
        "width": "206",
        "thumbnail": "http:\/\/azexo.com\/sportak\/wp-content\/uploads\/2015\/10\/logo-150x40.png"
    },
    "brand-color": "#ffc722",
    "accent-1-color": "#0f65c6",
    "accent-2-color": "#ed631e",
    "default_post_template": "masonry_post",
    "default_product_template": "shop_product",
    "show_sidebar": "right",
    "favicon": {
        "url": "",
        "id": "",
        "height": "",
        "width": "",
        "thumbnail": ""
    },
    "custom-css": "                    #header{\r\nmargin: 0 auto;\r\n}                ",
    "custom-js": "                    jQuery(document).ready(function($){\r\n    \r\n    $('.entry.gallery-item a.image-popup').on('focus', function(){\r\n        $(this).blur();\r\n    });\r\n    \r\n    $('.entry.donate .entry-title, .carousel-wrapper.trainers  .entry-title, .entry.about-team .entry-title, .carousel-title h3, .vc_custom_heading:not(.black), .related-posts h3, h3.comments-title, h3.comment-reply-title, .woocommerce-result-count, .related.products > h2, .upsells.products > h2, .posts-list-wrapper .list-title h3').each(function(){\r\n        var t = $.trim($(this).html()).split(' ');\r\n        if(t.length > 1) {\r\n            t[0] = '<span>' + t[0] + '<\/span>';\r\n            $(this).html(t.join(' '));\r\n        }\r\n    });\r\n    \r\n    \r\n    $(window).resize(function(){\r\n        $('.site-header .backing').next().css('margin-top', '');\r\n        $('.position-static').css('position', 'relative');\r\n        setTimeout(function(){\r\n            $('.site-header .backing').next().css('margin-top', ($('.site-header .backing').outerHeight() - $('#secondary').outerHeight() - $('.header-main').outerHeight()) + 'px');\r\n            $('.position-static').css('position', 'static');\r\n        }, 0);\r\n        \r\n        $('.margin-background').marginBackground();\r\n    });\r\n    $(window).trigger('resize');\r\n    \r\n    if(typeof revapi1 !== 'undefined') {\r\n        revapi1.bind('revolution.slide.onloaded', function() {\r\n            $(window).trigger('resize');\r\n\t    });\r\n    }\r\n    \r\n    if($(window).width() > 768) {\r\n        setTimeout(function(){\r\n            $('.wpb_row.equalize-columns-heights > .row > .wpb_column').equalizeHeights();\r\n        }, 0);\r\n    }\r\n});                ",
    "product_show_sidebar": "hidden",
    "azsc_match_show_sidebar": "left",
    "azsc_player_show_sidebar": "hidden",
    "skin": "sportak",
    "header_sidebar_fullwidth": "0",
    "middle_sidebar_fullwidth": "1",
    "footer_sidebar_fullwidth": "1",
    "show_page_title": "0",
    "show_breadcrumbs": "0",
    "header": ["logo", "mobile_menu_button", "mobile_menu", "primary_menu"],
    "author_bio": "0",
    "post_navigation": "after",
    "post_navigation_previous": "",
    "post_navigation_next": "",
    "comments": "1",
    "default_title": "Blog",
    "post_page_title": "post_title",
    "strip_excerpt": "1",
    "excerpt_length": "15",
    "comment_excerpt_length": "15",
    "author_avatar_size": "125",
    "avatar_size": "125",
    "related_posts_carousel_margin": "30",
    "templates": ["Player mini", "Match mini", "Match result", "Next match", "Latest match result", "Home next match", "Home match mini", "Last match", "half_image_post", "thumb_title_post"],
    "meta_fields": ["_az_number", "_az_appearances", "_az_goals", "_az_yellow_cards", "_az_red_cards", "_az_nationality", "_az_height", "_az_weight"],
    "post_show_thumbnail": "1",
    "post_image_thumbnail": "0",
    "post_zoom": "0",
    "post_lazy": "0",
    "post_gallery_slider_thumbnails": "0",
    "post_gallery_slider_thumbnails_vertical": "0",
    "post_show_title": "0",
    "post_show_content": "content",
    "post_excerpt_length": "15",
    "post_excerpt_words_trim": "1",
    "post_more_inside_content": "1",
    "post_thumbnail_size": "640x480",
    "post_extra": ["post_date", "post_author", "post_category"],
    "post_footer": ["post_tags", "post_comments_count"],
    "post_data": ["post_share"],
    "half_image_post_show_thumbnail": "1",
    "half_image_post_image_thumbnail": "1",
    "half_image_post_zoom": "0",
    "half_image_post_lazy": "0",
    "half_image_post_gallery_slider_thumbnails": "0",
    "half_image_post_gallery_slider_thumbnails_vertical": "0",
    "half_image_post_show_title": "1",
    "half_image_post_show_content": "excerpt",
    "half_image_post_excerpt_length": "15",
    "half_image_post_excerpt_words_trim": "1",
    "half_image_post_more_inside_content": "0",
    "half_image_post_thumbnail_size": "400x400",
    "half_image_post_extra": ["post_date"],
    "half_image_post_footer": ["post_read_more"],
    "bg_image_post_show_thumbnail": "1",
    "bg_image_post_image_thumbnail": "0",
    "bg_image_post_zoom": "0",
    "bg_image_post_lazy": "0",
    "bg_image_post_gallery_slider_thumbnails": "0",
    "bg_image_post_gallery_slider_thumbnails_vertical": "0",
    "bg_image_post_show_title": "1",
    "bg_image_post_show_content": "content",
    "bg_image_post_excerpt_length": "15",
    "bg_image_post_excerpt_words_trim": "1",
    "bg_image_post_more_inside_content": "1",
    "bg_image_post_thumbnail_size": "large",
    "masonry_post_show_thumbnail": "1",
    "masonry_post_image_thumbnail": "0",
    "masonry_post_zoom": "0",
    "masonry_post_lazy": "0",
    "masonry_post_gallery_slider_thumbnails": "0",
    "masonry_post_gallery_slider_thumbnails_vertical": "0",
    "masonry_post_show_title": "1",
    "masonry_post_show_content": "excerpt",
    "masonry_post_excerpt_length": "50",
    "masonry_post_excerpt_words_trim": "0",
    "masonry_post_more_inside_content": "0",
    "masonry_post_thumbnail_size": "400x300",
    "masonry_post_extra": ["post_date"],
    "masonry_post_footer": ["post_comments_count", "post_read_more"],
    "related_post_show_thumbnail": "1",
    "related_post_image_thumbnail": "1",
    "related_post_zoom": "0",
    "related_post_lazy": "0",
    "related_post_gallery_slider_thumbnails": "0",
    "related_post_gallery_slider_thumbnails_vertical": "0",
    "related_post_show_title": "1",
    "related_post_show_content": "hidden",
    "related_post_excerpt_length": "15",
    "related_post_excerpt_words_trim": "1",
    "related_post_more_inside_content": "1",
    "related_post_thumbnail_size": "300x200",
    "related_post_extra": ["post_date"],
    "carousel_post_show_thumbnail": "1",
    "carousel_post_image_thumbnail": "0",
    "carousel_post_zoom": "0",
    "carousel_post_lazy": "0",
    "carousel_post_gallery_slider_thumbnails": "0",
    "carousel_post_gallery_slider_thumbnails_vertical": "0",
    "carousel_post_show_title": "1",
    "carousel_post_show_content": "content",
    "carousel_post_excerpt_length": "15",
    "carousel_post_excerpt_words_trim": "1",
    "carousel_post_more_inside_content": "1",
    "carousel_post_thumbnail_size": "large",
    "widget_post_show_thumbnail": "1",
    "widget_post_image_thumbnail": "0",
    "widget_post_zoom": "0",
    "widget_post_lazy": "0",
    "widget_post_gallery_slider_thumbnails": "0",
    "widget_post_gallery_slider_thumbnails_vertical": "0",
    "widget_post_show_title": "1",
    "widget_post_show_content": "content",
    "widget_post_excerpt_length": "15",
    "widget_post_excerpt_words_trim": "1",
    "widget_post_more_inside_content": "1",
    "widget_post_thumbnail_size": "large",
    "testimonial_post_show_thumbnail": "1",
    "testimonial_post_image_thumbnail": "0",
    "testimonial_post_zoom": "0",
    "testimonial_post_lazy": "0",
    "testimonial_post_gallery_slider_thumbnails": "0",
    "testimonial_post_gallery_slider_thumbnails_vertical": "0",
    "testimonial_post_show_title": "1",
    "testimonial_post_show_content": "content",
    "testimonial_post_excerpt_length": "15",
    "testimonial_post_excerpt_words_trim": "1",
    "testimonial_post_more_inside_content": "1",
    "testimonial_post_thumbnail_size": "large",
    "thumb_post_show_thumbnail": "1",
    "thumb_post_image_thumbnail": "0",
    "thumb_post_zoom": "0",
    "thumb_post_lazy": "0",
    "thumb_post_gallery_slider_thumbnails": "0",
    "thumb_post_gallery_slider_thumbnails_vertical": "0",
    "thumb_post_show_title": "1",
    "thumb_post_show_content": "content",
    "thumb_post_excerpt_length": "15",
    "thumb_post_excerpt_words_trim": "1",
    "thumb_post_more_inside_content": "1",
    "thumb_post_thumbnail_size": "large",
    "title_post_show_thumbnail": "1",
    "title_post_image_thumbnail": "0",
    "title_post_zoom": "0",
    "title_post_lazy": "0",
    "title_post_gallery_slider_thumbnails": "0",
    "title_post_gallery_slider_thumbnails_vertical": "0",
    "title_post_show_title": "1",
    "title_post_show_content": "content",
    "title_post_excerpt_length": "15",
    "title_post_excerpt_words_trim": "1",
    "title_post_more_inside_content": "1",
    "title_post_thumbnail_size": "large",
    "thumb_title_post_show_thumbnail": "1",
    "thumb_title_post_image_thumbnail": "1",
    "thumb_title_post_zoom": "0",
    "thumb_title_post_lazy": "0",
    "thumb_title_post_gallery_slider_thumbnails": "0",
    "thumb_title_post_gallery_slider_thumbnails_vertical": "0",
    "thumb_title_post_show_title": "1",
    "thumb_title_post_show_content": "hidden",
    "thumb_title_post_excerpt_length": "15",
    "thumb_title_post_excerpt_words_trim": "1",
    "thumb_title_post_more_inside_content": "1",
    "thumb_title_post_thumbnail_size": "50x50",
    "thumb_title_post_extra": ["post_date"],
    "big_thumb_title_post_show_thumbnail": "1",
    "big_thumb_title_post_image_thumbnail": "0",
    "big_thumb_title_post_zoom": "0",
    "big_thumb_title_post_lazy": "0",
    "big_thumb_title_post_gallery_slider_thumbnails": "0",
    "big_thumb_title_post_gallery_slider_thumbnails_vertical": "0",
    "big_thumb_title_post_show_title": "1",
    "big_thumb_title_post_show_content": "content",
    "big_thumb_title_post_excerpt_length": "15",
    "big_thumb_title_post_excerpt_words_trim": "1",
    "big_thumb_title_post_more_inside_content": "1",
    "big_thumb_title_post_thumbnail_size": "large",
    "avatar_title_post_show_thumbnail": "1",
    "avatar_title_post_image_thumbnail": "0",
    "avatar_title_post_zoom": "0",
    "avatar_title_post_lazy": "0",
    "avatar_title_post_gallery_slider_thumbnails": "0",
    "avatar_title_post_gallery_slider_thumbnails_vertical": "0",
    "avatar_title_post_show_title": "1",
    "avatar_title_post_show_content": "content",
    "avatar_title_post_excerpt_length": "15",
    "avatar_title_post_excerpt_words_trim": "1",
    "avatar_title_post_more_inside_content": "1",
    "avatar_title_post_thumbnail_size": "large",
    "player-mini_show_thumbnail": "1",
    "player-mini_image_thumbnail": "1",
    "player-mini_zoom": "0",
    "player-mini_lazy": "0",
    "player-mini_gallery_slider_thumbnails": "0",
    "player-mini_gallery_slider_thumbnails_vertical": "0",
    "player-mini_show_title": "1",
    "player-mini_show_content": "hidden",
    "player-mini_excerpt_length": "15",
    "player-mini_excerpt_words_trim": "1",
    "player-mini_more_inside_content": "1",
    "player-mini_thumbnail_size": "300x300",
    "player-mini_thumbnail": ["_az_number"],
    "player-mini_hover": ["player_social"],
    "player-mini_meta": ["player_position"],
    "match-mini_show_thumbnail": "0",
    "match-mini_image_thumbnail": "0",
    "match-mini_zoom": "0",
    "match-mini_lazy": "0",
    "match-mini_gallery_slider_thumbnails": "0",
    "match-mini_gallery_slider_thumbnails_vertical": "0",
    "match-mini_show_title": "0",
    "match-mini_show_content": "hidden",
    "match-mini_excerpt_length": "15",
    "match-mini_excerpt_words_trim": "1",
    "match-mini_more_inside_content": "0",
    "match-mini_thumbnail_size": "large",
    "match-mini_data": ["match_date", "match_info", "match_address", "post_read_more"],
    "match-result_show_thumbnail": "0",
    "match-result_image_thumbnail": "0",
    "match-result_zoom": "0",
    "match-result_lazy": "0",
    "match-result_gallery_slider_thumbnails": "0",
    "match-result_gallery_slider_thumbnails_vertical": "0",
    "match-result_show_title": "0",
    "match-result_show_content": "hidden",
    "match-result_excerpt_length": "15",
    "match-result_excerpt_words_trim": "1",
    "match-result_more_inside_content": "0",
    "match-result_thumbnail_size": "large",
    "match-result_data": ["match_info", "post_read_more"],
    "next-match_show_thumbnail": "1",
    "next-match_image_thumbnail": "1",
    "next-match_zoom": "0",
    "next-match_lazy": "0",
    "next-match_gallery_slider_thumbnails": "0",
    "next-match_gallery_slider_thumbnails_vertical": "0",
    "next-match_show_title": "0",
    "next-match_show_content": "hidden",
    "next-match_excerpt_length": "15",
    "next-match_excerpt_words_trim": "1",
    "next-match_more_inside_content": "0",
    "next-match_thumbnail_size": "500x230",
    "next-match_data": ["match_time_left", "match_info", "match_date_time", "match_address"],
    "latest-match-result_show_thumbnail": "0",
    "latest-match-result_image_thumbnail": "0",
    "latest-match-result_zoom": "0",
    "latest-match-result_lazy": "0",
    "latest-match-result_gallery_slider_thumbnails": "0",
    "latest-match-result_gallery_slider_thumbnails_vertical": "0",
    "latest-match-result_show_title": "1",
    "latest-match-result_show_content": "excerpt",
    "latest-match-result_excerpt_length": "30",
    "latest-match-result_excerpt_words_trim": "1",
    "latest-match-result_more_inside_content": "0",
    "latest-match-result_thumbnail_size": "",
    "latest-match-result_meta": ["match_date_time", "match_info"],
    "latest-match-result_footer": ["post_read_more"],
    "home-next-match_show_thumbnail": "0",
    "home-next-match_image_thumbnail": "0",
    "home-next-match_zoom": "0",
    "home-next-match_lazy": "0",
    "home-next-match_gallery_slider_thumbnails": "0",
    "home-next-match_gallery_slider_thumbnails_vertical": "0",
    "home-next-match_show_title": "0",
    "home-next-match_show_content": "hidden",
    "home-next-match_excerpt_length": "15",
    "home-next-match_excerpt_words_trim": "1",
    "home-next-match_more_inside_content": "1",
    "home-next-match_thumbnail_size": "",
    "home-next-match_data": ["match_time_left", "match_info", "match_date_time", "match_address"],
    "home-match-mini_show_thumbnail": "0",
    "home-match-mini_image_thumbnail": "0",
    "home-match-mini_zoom": "0",
    "home-match-mini_lazy": "0",
    "home-match-mini_gallery_slider_thumbnails": "0",
    "home-match-mini_gallery_slider_thumbnails_vertical": "0",
    "home-match-mini_show_title": "0",
    "home-match-mini_show_content": "hidden",
    "home-match-mini_excerpt_length": "15",
    "home-match-mini_excerpt_words_trim": "1",
    "home-match-mini_more_inside_content": "1",
    "home-match-mini_thumbnail_size": "",
    "home-match-mini_data": ["match_date_time", "match_info"],
    "last-match_show_thumbnail": "0",
    "last-match_image_thumbnail": "0",
    "last-match_zoom": "0",
    "last-match_lazy": "0",
    "last-match_gallery_slider_thumbnails": "0",
    "last-match_gallery_slider_thumbnails_vertical": "0",
    "last-match_show_title": "0",
    "last-match_show_content": "hidden",
    "last-match_excerpt_length": "15",
    "last-match_excerpt_words_trim": "1",
    "last-match_more_inside_content": "1",
    "last-match_thumbnail_size": "",
    "last-match_data": ["match_info", "post_read_more"],
    "azsc_match_show_thumbnail": "0",
    "azsc_match_image_thumbnail": "0",
    "azsc_match_zoom": "0",
    "azsc_match_lazy": "0",
    "azsc_match_gallery_slider_thumbnails": "0",
    "azsc_match_gallery_slider_thumbnails_vertical": "0",
    "azsc_match_show_title": "0",
    "azsc_match_show_content": "content",
    "azsc_match_excerpt_length": "15",
    "azsc_match_excerpt_words_trim": "1",
    "azsc_match_more_inside_content": "0",
    "azsc_match_thumbnail_size": "large",
    "azsc_match_footer": ["post_share"],
    "azsc_player_show_thumbnail": "0",
    "azsc_player_image_thumbnail": "0",
    "azsc_player_zoom": "0",
    "azsc_player_lazy": "0",
    "azsc_player_gallery_slider_thumbnails": "0",
    "azsc_player_gallery_slider_thumbnails_vertical": "0",
    "azsc_player_show_title": "0",
    "azsc_player_show_content": "content",
    "azsc_player_excerpt_length": "15",
    "azsc_player_excerpt_words_trim": "1",
    "azsc_player_more_inside_content": "1",
    "azsc_player_thumbnail_size": "470x484",
    "single_product_show_thumbnail": "1",
    "single_product_image_thumbnail": "0",
    "single_product_zoom": "1",
    "single_product_lazy": "0",
    "single_product_gallery_slider_thumbnails": "1",
    "single_product_gallery_slider_thumbnails_vertical": "1",
    "single_product_show_title": "1",
    "single_product_show_content": "excerpt",
    "single_product_excerpt_length": "15",
    "single_product_excerpt_words_trim": "1",
    "single_product_more_inside_content": "1",
    "single_product_thumbnail_size": "large",
    "single_product_meta": ["single_rating", "single_price"],
    "single_product_footer": ["single_meta", "single_add_to_cart"],
    "detailed_shop_product_show_thumbnail": "1",
    "detailed_shop_product_image_thumbnail": "0",
    "detailed_shop_product_zoom": "0",
    "detailed_shop_product_lazy": "0",
    "detailed_shop_product_gallery_slider_thumbnails": "0",
    "detailed_shop_product_gallery_slider_thumbnails_vertical": "0",
    "detailed_shop_product_show_title": "1",
    "detailed_shop_product_show_content": "content",
    "detailed_shop_product_excerpt_length": "15",
    "detailed_shop_product_excerpt_words_trim": "1",
    "detailed_shop_product_more_inside_content": "1",
    "detailed_shop_product_thumbnail_size": "large",
    "shop_product_show_thumbnail": "1",
    "shop_product_image_thumbnail": "1",
    "shop_product_zoom": "0",
    "shop_product_lazy": "1",
    "shop_product_gallery_slider_thumbnails": "0",
    "shop_product_gallery_slider_thumbnails_vertical": "0",
    "shop_product_show_title": "0",
    "shop_product_show_content": "hidden",
    "shop_product_excerpt_length": "15",
    "shop_product_excerpt_words_trim": "1",
    "shop_product_more_inside_content": "1",
    "shop_product_thumbnail_size": "270x270",
    "shop_product_thumbnail": ["discount"],
    "shop_product_hover": ["post_title", "loop_rating", "quick_view"],
    "shop_product_footer": ["loop_price", "loop_add_to_cart"],
    "related_product_show_thumbnail": "1",
    "related_product_image_thumbnail": "1",
    "related_product_zoom": "0",
    "related_product_lazy": "0",
    "related_product_gallery_slider_thumbnails": "0",
    "related_product_gallery_slider_thumbnails_vertical": "0",
    "related_product_show_title": "0",
    "related_product_show_content": "hidden",
    "related_product_excerpt_length": "15",
    "related_product_excerpt_words_trim": "1",
    "related_product_more_inside_content": "1",
    "related_product_thumbnail_size": "300x300",
    "related_product_thumbnail": ["discount"],
    "related_product_hover": ["post_title", "loop_rating", "quick_view"],
    "related_product_footer": ["loop_price", "loop_add_to_cart"],
    "upsells_product_show_thumbnail": "1",
    "upsells_product_image_thumbnail": "1",
    "upsells_product_zoom": "0",
    "upsells_product_lazy": "0",
    "upsells_product_gallery_slider_thumbnails": "0",
    "upsells_product_gallery_slider_thumbnails_vertical": "0",
    "upsells_product_show_title": "0",
    "upsells_product_show_content": "hidden",
    "upsells_product_excerpt_length": "15",
    "upsells_product_excerpt_words_trim": "1",
    "upsells_product_more_inside_content": "1",
    "upsells_product_thumbnail_size": "300x300",
    "upsells_product_thumbnail": ["discount"],
    "upsells_product_hover": ["post_title", "loop_rating", "quick_view"],
    "upsells_product_footer": ["loop_price", "loop_add_to_cart"],
    "sale_product_show_thumbnail": "1",
    "sale_product_image_thumbnail": "0",
    "sale_product_zoom": "0",
    "sale_product_lazy": "0",
    "sale_product_gallery_slider_thumbnails": "0",
    "sale_product_gallery_slider_thumbnails_vertical": "0",
    "sale_product_show_title": "1",
    "sale_product_show_content": "content",
    "sale_product_excerpt_length": "15",
    "sale_product_excerpt_words_trim": "1",
    "sale_product_more_inside_content": "1",
    "sale_product_thumbnail_size": "large",
    "featured_product_show_thumbnail": "1",
    "featured_product_image_thumbnail": "0",
    "featured_product_zoom": "0",
    "featured_product_lazy": "0",
    "featured_product_gallery_slider_thumbnails": "0",
    "featured_product_gallery_slider_thumbnails_vertical": "0",
    "featured_product_show_title": "1",
    "featured_product_show_content": "content",
    "featured_product_excerpt_length": "15",
    "featured_product_excerpt_words_trim": "1",
    "featured_product_more_inside_content": "1",
    "featured_product_thumbnail_size": "large",
    "quick_view_prefix": "",
    "quick_view_suffix": "",
    "post_title_prefix": "",
    "post_title_suffix": "",
    "post_summary_prefix": "",
    "post_summary_suffix": "",
    "post_content_prefix": "",
    "post_content_suffix": "",
    "post_thumbnail_prefix": "",
    "post_thumbnail_suffix": "",
    "post_video_prefix": "",
    "post_video_suffix": "",
    "post_gallery_prefix": "",
    "post_gallery_suffix": "",
    "post_sticky_prefix": "",
    "post_sticky_suffix": "",
    "post_date_prefix": "",
    "post_date_suffix": "",
    "post_splitted_date_prefix": "",
    "post_splitted_date_suffix": "",
    "post_author_prefix": "",
    "post_author_suffix": "",
    "post_author_avatar_prefix": "",
    "post_author_avatar_suffix": "",
    "post_category_prefix": "",
    "post_category_suffix": "",
    "post_tags_prefix": "",
    "post_tags_suffix": "",
    "post_like_prefix": "",
    "post_like_suffix": "",
    "post_last_comment_prefix": "",
    "post_last_comment_suffix": "",
    "post_last_comment_author_prefix": "",
    "post_last_comment_author_suffix": "",
    "post_last_comment_date_prefix": "",
    "post_last_comment_date_suffix": "",
    "post_comments_count_prefix": "",
    "post_comments_count_suffix": "",
    "post_read_more_prefix": "",
    "post_read_more_suffix": "",
    "post_share_prefix": "Share",
    "post_share_suffix": "",
    "product-stock-quantity.php_prefix": "",
    "product-stock-quantity.php_suffix": "",
    "_az_number_prefix": "",
    "_az_number_suffix": "",
    "_az_appearances_prefix": "Appearances",
    "_az_appearances_suffix": "",
    "_az_goals_prefix": "Goals",
    "_az_goals_suffix": "",
    "_az_yellow_cards_prefix": "Yellow cards",
    "_az_yellow_cards_suffix": "",
    "_az_red_cards_prefix": "Red cards",
    "_az_red_cards_suffix": "",
    "_az_nationality_prefix": "Nationality",
    "_az_nationality_suffix": "",
    "_az_height_prefix": "Height",
    "_az_height_suffix": "",
    "_az_weight_prefix": "Weight",
    "_az_weight_suffix": "",
    "match_date_prefix": "",
    "match_date_suffix": "",
    "match_date_time_prefix": "",
    "match_date_time_suffix": "",
    "match_address_prefix": "",
    "match_address_suffix": "",
    "match_info_prefix": "",
    "match_info_suffix": "",
    "match_time_left_prefix": "",
    "match_time_left_suffix": "",
    "match_location_prefix": "",
    "match_location_suffix": "",
    "player_position_prefix": "Position",
    "player_position_suffix": "",
    "player_social_prefix": "",
    "player_social_suffix": "",
    "player_dob_prefix": "D.O.B.",
    "player_dob_suffix": "",
    "purchased_prefix": "",
    "purchased_suffix": "",
    "discount_prefix": "",
    "discount_suffix": "",
    "sale_time_left_prefix": "",
    "sale_time_left_suffix": "",
    "availability_prefix": "",
    "availability_suffix": "",
    "loop_sale_flash_prefix": "",
    "loop_sale_flash_suffix": "",
    "loop_rating_prefix": "",
    "loop_rating_suffix": "",
    "loop_price_prefix": "",
    "loop_price_suffix": "",
    "loop_add_to_cart_prefix": "",
    "loop_add_to_cart_suffix": "",
    "single_sale_flash_prefix": "",
    "single_sale_flash_suffix": "",
    "single_add_to_cart_prefix": "",
    "single_add_to_cart_suffix": "",
    "single_rating_prefix": "",
    "single_rating_suffix": "",
    "single_price_prefix": "",
    "single_price_suffix": "",
    "single_meta_prefix": "",
    "single_meta_suffix": "",
    "single_sharing_prefix": "",
    "single_sharing_suffix": "",
    "623_prefix": "",
    "623_suffix": "",
    "71_prefix": "",
    "71_suffix": "",
    "13_prefix": "",
    "13_suffix": "",
    "347_prefix": "",
    "347_suffix": "",
    "355_prefix": "",
    "355_suffix": "",
    "product_label": "",
    "products_label": "",
    "shop_modes": "0",
    "show_data_tabs":"1",
    "upsells_products_carousel_margin": "30",
    "related_products_carousel_margin": "30",
    "redux-backup": "1"
}