<?xml version="1.0" encoding="UTF-8" ?>
<!-- This is a WordPress eXtended RSS file generated by WordPress as an export of your site. -->
<!-- It contains information about your site's posts, pages, comments, categories, and other content. -->
<!-- You may use this file to transfer that content from one site to another. -->
<!-- This file is not intended to serve as a complete backup of your site. -->

<!-- To import this information into a WordPress site follow these steps: -->
<!-- 1. Log in to that site as an administrator. -->
<!-- 2. Go to Tools: Import in the WordPress admin panel. -->
<!-- 3. Install the "WordPress" importer from the list. -->
<!-- 4. Activate & Run Importer. -->
<!-- 5. Upload this file using the form provided on that page. -->
<!-- 6. You will first be asked to map the authors in this export file to users -->
<!--    on the site. For each author, you may choose to map to an -->
<!--    existing user on the site or to create a new user. -->
<!-- 7. WordPress will then import each of the posts, pages, comments, categories, etc. -->
<!--    contained in this file into your site. -->

<!-- generator="WordPress/4.3.1" created="2015-12-16 07:08" -->
<rss version="2.0"
	xmlns:excerpt="http://wordpress.org/export/1.2/excerpt/"
	xmlns:content="http://purl.org/rss/1.0/modules/content/"
	xmlns:wfw="http://wellformedweb.org/CommentAPI/"
	xmlns:dc="http://purl.org/dc/elements/1.1/"
	xmlns:wp="http://wordpress.org/export/1.2/"
>

<channel>
	<title>Sport.AK</title>
	<link>http://azexo.com/sportak</link>
	<description>Just another WordPress site</description>
	<pubDate>Wed, 16 Dec 2015 07:08:13 +0000</pubDate>
	<language>en-US</language>
	<wp:wxr_version>1.2</wp:wxr_version>
	<wp:base_site_url>http://azexo.com/sportak</wp:base_site_url>
	<wp:base_blog_url>http://azexo.com/sportak</wp:base_blog_url>

	<wp:author><wp:author_id>1</wp:author_id><wp:author_login>admin</wp:author_login><wp:author_email>demo@demo.demo</wp:author_email><wp:author_display_name><![CDATA[admin]]></wp:author_display_name><wp:author_first_name><![CDATA[]]></wp:author_first_name><wp:author_last_name><![CDATA[]]></wp:author_last_name></wp:author>


	<generator>http://wordpress.org/?v=4.3.1</generator>

	<item>
		<title>Middle</title>
		<link>http://azexo.com/sportak/vc_widget/middle/</link>
		<pubDate>Tue, 06 Oct 2015 13:46:10 +0000</pubDate>
		<dc:creator><![CDATA[admin]]></dc:creator>
		<guid isPermaLink="false">http://localhost/wordpress4/?post_type=vc_widget&#038;p=8</guid>
		<description></description>
		<content:encoded><![CDATA[[vc_row el_class="backing" css=".vc_custom_1448548346586{margin-bottom: 0px !important;padding-top: 100px !important;padding-bottom: 100px !important;background-image: url(http://azexo.com/sportak/wp-content/uploads/2015/10/Layer-18-e1445835438220-1.jpg?id=453) !important;}"][vc_column el_class="h-padding-0"][vc_row_inner el_class="container"][vc_column_inner][vc_widget_sidebar sidebar_id="cs-1"][/vc_column_inner][/vc_row_inner][/vc_column][/vc_row][vc_row css=".vc_custom_1444276882986{margin-bottom: 0px !important;}"][vc_column][/vc_column][/vc_row][vc_row el_class="bottom-breadcrumb" css=".vc_custom_1444208216484{margin-bottom: 0px !important;}"][vc_column el_class="h-padding-0"][vc_row_inner el_class="container"][vc_column_inner][woocommerce_breadcrumb][/vc_column_inner][/vc_row_inner][/vc_column][/vc_row]]]></content:encoded>
		<excerpt:encoded><![CDATA[]]></excerpt:encoded>
		<wp:post_id>8</wp:post_id>
		<wp:post_date>2015-10-06 13:46:10</wp:post_date>
		<wp:post_date_gmt>2015-10-06 13:46:10</wp:post_date_gmt>
		<wp:comment_status>closed</wp:comment_status>
		<wp:ping_status>closed</wp:ping_status>
		<wp:post_name>middle</wp:post_name>
		<wp:status>publish</wp:status>
		<wp:post_parent>0</wp:post_parent>
		<wp:menu_order>0</wp:menu_order>
		<wp:post_type>vc_widget</wp:post_type>
		<wp:post_password></wp:post_password>
		<wp:is_sticky>0</wp:is_sticky>
		<wp:postmeta>
			<wp:meta_key>_edit_last</wp:meta_key>
			<wp:meta_value><![CDATA[1]]></wp:meta_value>
		</wp:postmeta>
		<wp:postmeta>
			<wp:meta_key>_wpb_vc_js_status</wp:meta_key>
			<wp:meta_value><![CDATA[true]]></wp:meta_value>
		</wp:postmeta>
		<wp:postmeta>
			<wp:meta_key>_vc_post_settings</wp:meta_key>
			<wp:meta_value><![CDATA[a:1:{s:10:"vc_grid_id";a:0:{}}]]></wp:meta_value>
		</wp:postmeta>
		<wp:postmeta>
			<wp:meta_key>_wpb_shortcodes_custom_css</wp:meta_key>
			<wp:meta_value><![CDATA[.vc_custom_1448548346586{margin-bottom: 0px !important;padding-top: 100px !important;padding-bottom: 100px !important;background-image: url(http://azexo.com/sportak/wp-content/uploads/2015/10/Layer-18-e1445835438220-1.jpg?id=453) !important;}.vc_custom_1444276882986{margin-bottom: 0px !important;}.vc_custom_1444208216484{margin-bottom: 0px !important;}]]></wp:meta_value>
		</wp:postmeta>
		<wp:postmeta>
			<wp:meta_key>slide_template</wp:meta_key>
			<wp:meta_value><![CDATA[default]]></wp:meta_value>
		</wp:postmeta>
	</item>
	<item>
		<title>Header</title>
		<link>http://azexo.com/sportak/vc_widget/header/</link>
		<pubDate>Tue, 06 Oct 2015 13:49:01 +0000</pubDate>
		<dc:creator><![CDATA[admin]]></dc:creator>
		<guid isPermaLink="false">http://localhost/wordpress4/?post_type=vc_widget&#038;p=13</guid>
		<description></description>
		<content:encoded><![CDATA[[vc_row css=".vc_custom_1444144697786{margin-bottom: 0px !important;}"][vc_column el_class="h-padding-0"][azexo_panel el_class="social"][azexo_generic_content media_type="icon" icon_fontawesome="fa fa-facebook" media_link="url:%23||"][/azexo_generic_content][azexo_generic_content media_type="icon" icon_fontawesome="fa fa-twitter" media_link="url:%23||"][/azexo_generic_content][azexo_generic_content media_type="icon" icon_fontawesome="fa fa-google-plus" media_link="url:%23||"][/azexo_generic_content][azexo_generic_content media_type="icon" icon_fontawesome="fa fa-pinterest" media_link="url:%23||"][/azexo_generic_content][azexo_generic_content media_type="icon" icon_fontawesome="fa fa-instagram" media_link="url:%23||"][/azexo_generic_content][/azexo_panel][/vc_column][/vc_row]]]></content:encoded>
		<excerpt:encoded><![CDATA[]]></excerpt:encoded>
		<wp:post_id>13</wp:post_id>
		<wp:post_date>2015-10-06 13:49:01</wp:post_date>
		<wp:post_date_gmt>2015-10-06 13:49:01</wp:post_date_gmt>
		<wp:comment_status>closed</wp:comment_status>
		<wp:ping_status>closed</wp:ping_status>
		<wp:post_name>header</wp:post_name>
		<wp:status>publish</wp:status>
		<wp:post_parent>0</wp:post_parent>
		<wp:menu_order>0</wp:menu_order>
		<wp:post_type>vc_widget</wp:post_type>
		<wp:post_password></wp:post_password>
		<wp:is_sticky>0</wp:is_sticky>
		<wp:postmeta>
			<wp:meta_key>_edit_last</wp:meta_key>
			<wp:meta_value><![CDATA[1]]></wp:meta_value>
		</wp:postmeta>
		<wp:postmeta>
			<wp:meta_key>_wpb_vc_js_status</wp:meta_key>
			<wp:meta_value><![CDATA[true]]></wp:meta_value>
		</wp:postmeta>
		<wp:postmeta>
			<wp:meta_key>_vc_post_settings</wp:meta_key>
			<wp:meta_value><![CDATA[a:1:{s:10:"vc_grid_id";a:0:{}}]]></wp:meta_value>
		</wp:postmeta>
		<wp:postmeta>
			<wp:meta_key>_wpb_shortcodes_custom_css</wp:meta_key>
			<wp:meta_value><![CDATA[.vc_custom_1444144697786{margin-bottom: 0px !important;}]]></wp:meta_value>
		</wp:postmeta>
	</item>
	<item>
		<title>Newsletter</title>
		<link>http://azexo.com/sportak/vc_widget/newsletter/</link>
		<pubDate>Thu, 08 Oct 2015 04:27:52 +0000</pubDate>
		<dc:creator><![CDATA[admin]]></dc:creator>
		<guid isPermaLink="false">http://localhost/wordpress4/?post_type=vc_widget&#038;p=61</guid>
		<description></description>
		<content:encoded><![CDATA[[vc_row css=".vc_custom_1445150961539{margin-bottom: 0px !important;}"][vc_column el_class="h-padding-0"][vc_column_text css=".vc_custom_1445150943812{margin-bottom: 0px !important;}"]Ut elit tellus, luctus nec ullamcorper mattis, pulvinar dapibus leo.[/vc_column_text][contact-form-7 id="377"][/vc_column][/vc_row]]]></content:encoded>
		<excerpt:encoded><![CDATA[]]></excerpt:encoded>
		<wp:post_id>61</wp:post_id>
		<wp:post_date>2015-10-08 04:27:52</wp:post_date>
		<wp:post_date_gmt>2015-10-08 04:27:52</wp:post_date_gmt>
		<wp:comment_status>closed</wp:comment_status>
		<wp:ping_status>closed</wp:ping_status>
		<wp:post_name>newsletter</wp:post_name>
		<wp:status>publish</wp:status>
		<wp:post_parent>0</wp:post_parent>
		<wp:menu_order>0</wp:menu_order>
		<wp:post_type>vc_widget</wp:post_type>
		<wp:post_password></wp:post_password>
		<wp:is_sticky>0</wp:is_sticky>
		<wp:postmeta>
			<wp:meta_key>_edit_last</wp:meta_key>
			<wp:meta_value><![CDATA[1]]></wp:meta_value>
		</wp:postmeta>
		<wp:postmeta>
			<wp:meta_key>_wpb_vc_js_status</wp:meta_key>
			<wp:meta_value><![CDATA[true]]></wp:meta_value>
		</wp:postmeta>
		<wp:postmeta>
			<wp:meta_key>_vc_post_settings</wp:meta_key>
			<wp:meta_value><![CDATA[a:2:{s:7:"vc_grid";a:0:{}s:10:"vc_grid_id";a:0:{}}]]></wp:meta_value>
		</wp:postmeta>
		<wp:postmeta>
			<wp:meta_key>_wpb_shortcodes_custom_css</wp:meta_key>
			<wp:meta_value><![CDATA[.vc_custom_1445150961539{margin-bottom: 0px !important;}.vc_custom_1445150943812{margin-bottom: 0px !important;}]]></wp:meta_value>
		</wp:postmeta>
	</item>
	<item>
		<title>Footer</title>
		<link>http://azexo.com/sportak/vc_widget/footer/</link>
		<pubDate>Thu, 08 Oct 2015 15:35:41 +0000</pubDate>
		<dc:creator><![CDATA[admin]]></dc:creator>
		<guid isPermaLink="false">http://localhost/wordpress4/?post_type=vc_widget&#038;p=71</guid>
		<description></description>
		<content:encoded><![CDATA[[vc_row css=".vc_custom_1448548324518{margin-bottom: 0px !important;padding-top: 60px !important;padding-bottom: 60px !important;background-image: url(http://azexo.com/sportak/wp-content/uploads/2015/10/the-ball-488700_1920-e1445615362721-blackwhite-1.jpg?id=471) !important;background-position: center !important;background-repeat: no-repeat !important;background-size: cover !important;}" el_class="darked-background"][vc_column el_class="h-padding-0"][vc_row_inner el_class="container columns-offset-30-max-width-768"][vc_column_inner width="1/2"][vc_single_image image="433" img_size="full" el_class="inline-block" css=".vc_custom_1445612439363{margin-bottom: 0px !important;}"][azexo_panel el_class="footer-social"][azexo_generic_content media_type="icon" icon_fontawesome="fa fa-facebook" media_link="url:%23||"][/azexo_generic_content][azexo_generic_content media_type="icon" icon_fontawesome="fa fa-twitter" media_link="url:%23||"][/azexo_generic_content][azexo_generic_content media_type="icon" icon_fontawesome="fa fa-google-plus" media_link="url:%23||"][/azexo_generic_content][azexo_generic_content media_type="icon" icon_fontawesome="fa fa-pinterest" media_link="url:%23||"][/azexo_generic_content][azexo_generic_content media_type="icon" icon_fontawesome="fa fa-youtube" media_link="url:%23||"][/azexo_generic_content][azexo_generic_content media_type="icon" icon_fontawesome="fa fa-instagram" media_link="url:%23||"][/azexo_generic_content][/azexo_panel][vc_column_text css=".vc_custom_1445184949657{margin-top: 15px !important;}"]I am text block. Click edit button to change this text. Lorem ipsum dolor sit amet, consectetur adipiscing elit. Ut elit tellus, luctus nec ullamcorper mattis, pulvinar dapibus leo. I am text block. Click edit button to change this text. Lorem ipsum dolor sit amet, consectetur adipiscing elit. Ut elit tellus, luctus nec ullamcorper mattis, pulvinar dapibus leo.[/vc_column_text][/vc_column_inner][vc_column_inner width="1/2"][vc_custom_heading text="Latest tweets" font_container="tag:h1|text_align:left|color:%23ffffff" use_theme_fonts="yes"][vc_column_text][tweets max=2 user=envato][/vc_column_text][/vc_column_inner][/vc_row_inner][vc_row_inner el_class="container columns-offset-30-max-width-768"][vc_column_inner width="1/2"][azexo_posts_list post_type="azsc_match" max_items="2" order="ASC" template="last-match" carousel="yes" full_width="yes" title="Last match" el_class="last-match"][/vc_column_inner][vc_column_inner width="1/2"][azexo_generic_content title="Newsletters" el_class="subscribe-header"]Lorem ipsum dolor sit amet, consectetur adipiscing elit. Ut elit tellus, luctus nec ullamcorper mattis.[/azexo_generic_content][contact-form-7 id="381"][/vc_column_inner][/vc_row_inner][vc_row_inner el_class="container columns-offset-30-max-width-768" css=".vc_custom_1445951648944{border-top-width: 1px !important;padding-top: 30px !important;border-top-color: #666666 !important;border-top-style: solid !important;}"][vc_column_inner width="2/3"][vc_wp_custommenu nav_menu="7"][/vc_column_inner][vc_column_inner width="1/3"][vc_column_text el_class="text-right text-align-left-max-width-768"]Copyright 2015 <a href="#">Spartak Team</a>. All rights reserved.[/vc_column_text][/vc_column_inner][/vc_row_inner][/vc_column][/vc_row]]]></content:encoded>
		<excerpt:encoded><![CDATA[]]></excerpt:encoded>
		<wp:post_id>71</wp:post_id>
		<wp:post_date>2015-10-08 15:35:41</wp:post_date>
		<wp:post_date_gmt>2015-10-08 15:35:41</wp:post_date_gmt>
		<wp:comment_status>closed</wp:comment_status>
		<wp:ping_status>closed</wp:ping_status>
		<wp:post_name>footer</wp:post_name>
		<wp:status>publish</wp:status>
		<wp:post_parent>0</wp:post_parent>
		<wp:menu_order>0</wp:menu_order>
		<wp:post_type>vc_widget</wp:post_type>
		<wp:post_password></wp:post_password>
		<wp:is_sticky>0</wp:is_sticky>
		<wp:postmeta>
			<wp:meta_key>_edit_last</wp:meta_key>
			<wp:meta_value><![CDATA[1]]></wp:meta_value>
		</wp:postmeta>
		<wp:postmeta>
			<wp:meta_key>_wpb_vc_js_status</wp:meta_key>
			<wp:meta_value><![CDATA[true]]></wp:meta_value>
		</wp:postmeta>
		<wp:postmeta>
			<wp:meta_key>_vc_post_settings</wp:meta_key>
			<wp:meta_value><![CDATA[a:1:{s:10:"vc_grid_id";a:0:{}}]]></wp:meta_value>
		</wp:postmeta>
		<wp:postmeta>
			<wp:meta_key>_wpb_shortcodes_custom_css</wp:meta_key>
			<wp:meta_value><![CDATA[.vc_custom_1448548324518{margin-bottom: 0px !important;padding-top: 60px !important;padding-bottom: 60px !important;background-image: url(http://azexo.com/sportak/wp-content/uploads/2015/10/the-ball-488700_1920-e1445615362721-blackwhite-1.jpg?id=471) !important;background-position: center !important;background-repeat: no-repeat !important;background-size: cover !important;}.vc_custom_1445951648944{border-top-width: 1px !important;padding-top: 30px !important;border-top-color: #666666 !important;border-top-style: solid !important;}.vc_custom_1445612439363{margin-bottom: 0px !important;}.vc_custom_1445184949657{margin-top: 15px !important;}]]></wp:meta_value>
		</wp:postmeta>
		<wp:postmeta>
			<wp:meta_key>slide_template</wp:meta_key>
			<wp:meta_value><![CDATA[default]]></wp:meta_value>
		</wp:postmeta>
	</item>
	<item>
		<title>Player bio</title>
		<link>http://azexo.com/sportak/vc_widget/player-bio/</link>
		<pubDate>Mon, 12 Oct 2015 11:41:36 +0000</pubDate>
		<dc:creator><![CDATA[admin]]></dc:creator>
		<guid isPermaLink="false">http://localhost/wordpress4/?post_type=vc_widget&#038;p=120</guid>
		<description></description>
		<content:encoded><![CDATA[[vc_row el_class="player-bio" css=".vc_custom_1445850341128{margin-bottom: 30px !important;background-image: url(http://azexo.com/sportak/wp-content/uploads/2015/10/Layer-6.png?id=431) !important;}"][vc_column el_class="h-padding-0"][vc_row_inner el_class="container" css=".vc_custom_1444660966900{margin-bottom: 0px !important;}"][vc_column_inner width="5/12"][azexo_post_field field="post_thumbnail"][/vc_column_inner][vc_column_inner width="1/12"][azexo_post_field field="_az_number"][/vc_column_inner][vc_column_inner el_class="position-relative" width="6/12"][azexo_post_field field="post_title"][azexo_panel el_class="player-data"][azexo_post_field field="player_position"][azexo_post_field field="_az_appearances"][azexo_post_field field="_az_goals"][azexo_post_field field="_az_yellow_cards"][azexo_post_field field="_az_red_cards"][azexo_post_field field="player_dob"][azexo_post_field field="_az_nationality"][azexo_post_field field="_az_height"][azexo_post_field field="_az_weight"][/azexo_panel][azexo_post_field field="player_social" el_class="player-social"][/vc_column_inner][/vc_row_inner][/vc_column][/vc_row]]]></content:encoded>
		<excerpt:encoded><![CDATA[]]></excerpt:encoded>
		<wp:post_id>120</wp:post_id>
		<wp:post_date>2015-10-12 11:41:36</wp:post_date>
		<wp:post_date_gmt>2015-10-12 11:41:36</wp:post_date_gmt>
		<wp:comment_status>closed</wp:comment_status>
		<wp:ping_status>closed</wp:ping_status>
		<wp:post_name>player-bio</wp:post_name>
		<wp:status>publish</wp:status>
		<wp:post_parent>0</wp:post_parent>
		<wp:menu_order>0</wp:menu_order>
		<wp:post_type>vc_widget</wp:post_type>
		<wp:post_password></wp:post_password>
		<wp:is_sticky>0</wp:is_sticky>
		<wp:postmeta>
			<wp:meta_key>_edit_last</wp:meta_key>
			<wp:meta_value><![CDATA[1]]></wp:meta_value>
		</wp:postmeta>
		<wp:postmeta>
			<wp:meta_key>_wpb_vc_js_status</wp:meta_key>
			<wp:meta_value><![CDATA[true]]></wp:meta_value>
		</wp:postmeta>
		<wp:postmeta>
			<wp:meta_key>_vc_post_settings</wp:meta_key>
			<wp:meta_value><![CDATA[a:2:{s:7:"vc_grid";a:0:{}s:10:"vc_grid_id";a:0:{}}]]></wp:meta_value>
		</wp:postmeta>
		<wp:postmeta>
			<wp:meta_key>_wpb_shortcodes_custom_css</wp:meta_key>
			<wp:meta_value><![CDATA[.vc_custom_1445850341128{margin-bottom: 30px !important;background-image: url(http://azexo.com/sportak/wp-content/uploads/2015/10/Layer-6.png?id=431) !important;}.vc_custom_1444660966900{margin-bottom: 0px !important;}]]></wp:meta_value>
		</wp:postmeta>
	</item>
	<item>
		<title>Other players</title>
		<link>http://azexo.com/sportak/vc_widget/other-players/</link>
		<pubDate>Mon, 12 Oct 2015 16:00:00 +0000</pubDate>
		<dc:creator><![CDATA[admin]]></dc:creator>
		<guid isPermaLink="false">http://localhost/wordpress4/?post_type=vc_widget&#038;p=153</guid>
		<description></description>
		<content:encoded><![CDATA[[vc_row el_class="other-players" css=".vc_custom_1445850094847{margin-bottom: 0px !important;background-image: url(http://azexo.com/sportak/wp-content/uploads/2015/10/Layer-18-e1445835438220-1.jpg?id=453) !important;}"][vc_column el_class="h-padding-0"][vc_row_inner el_class="container" css=".vc_custom_1444668399914{margin-bottom: 30px !important;}"][vc_column_inner][azexo_posts_list post_type="azsc_player" max_items="4" orderby="rand" template="player-mini" carousel="yes" item_margin="30" title="Other players"][/vc_column_inner][/vc_row_inner][/vc_column][/vc_row]]]></content:encoded>
		<excerpt:encoded><![CDATA[]]></excerpt:encoded>
		<wp:post_id>153</wp:post_id>
		<wp:post_date>2015-10-12 16:00:00</wp:post_date>
		<wp:post_date_gmt>2015-10-12 16:00:00</wp:post_date_gmt>
		<wp:comment_status>closed</wp:comment_status>
		<wp:ping_status>closed</wp:ping_status>
		<wp:post_name>other-players</wp:post_name>
		<wp:status>publish</wp:status>
		<wp:post_parent>0</wp:post_parent>
		<wp:menu_order>0</wp:menu_order>
		<wp:post_type>vc_widget</wp:post_type>
		<wp:post_password></wp:post_password>
		<wp:is_sticky>0</wp:is_sticky>
		<wp:postmeta>
			<wp:meta_key>_edit_last</wp:meta_key>
			<wp:meta_value><![CDATA[1]]></wp:meta_value>
		</wp:postmeta>
		<wp:postmeta>
			<wp:meta_key>_wpb_vc_js_status</wp:meta_key>
			<wp:meta_value><![CDATA[true]]></wp:meta_value>
		</wp:postmeta>
		<wp:postmeta>
			<wp:meta_key>_vc_post_settings</wp:meta_key>
			<wp:meta_value><![CDATA[a:2:{s:7:"vc_grid";a:0:{}s:10:"vc_grid_id";a:0:{}}]]></wp:meta_value>
		</wp:postmeta>
		<wp:postmeta>
			<wp:meta_key>_wpb_shortcodes_custom_css</wp:meta_key>
			<wp:meta_value><![CDATA[.vc_custom_1445850094847{margin-bottom: 0px !important;background-image: url(http://azexo.com/sportak/wp-content/uploads/2015/10/Layer-18-e1445835438220.png?id=453) !important;}.vc_custom_1444668399914{margin-bottom: 30px !important;}]]></wp:meta_value>
		</wp:postmeta>
	</item>
	<item>
		<title>Match list header</title>
		<link>http://azexo.com/sportak/vc_widget/match-list-view/</link>
		<pubDate>Sat, 17 Oct 2015 06:00:32 +0000</pubDate>
		<dc:creator><![CDATA[admin]]></dc:creator>
		<guid isPermaLink="false">http://localhost/wordpress4/?post_type=vc_widget&#038;p=329</guid>
		<description></description>
		<content:encoded><![CDATA[[vc_row css=".vc_custom_1445068901666{margin-top: 50px !important;margin-bottom: 0px !important;}"][vc_column el_class="h-padding-0"][azexo_posts_list post_type="azsc_match" max_items="1" orderby="meta_value" order="ASC" template="next-match" meta_key="_az_date_time" posts_clauses="azexo_current_time_ordering_filter"][/vc_column][/vc_row]]]></content:encoded>
		<excerpt:encoded><![CDATA[]]></excerpt:encoded>
		<wp:post_id>329</wp:post_id>
		<wp:post_date>2015-10-17 06:00:32</wp:post_date>
		<wp:post_date_gmt>2015-10-17 06:00:32</wp:post_date_gmt>
		<wp:comment_status>closed</wp:comment_status>
		<wp:ping_status>closed</wp:ping_status>
		<wp:post_name>match-list-view</wp:post_name>
		<wp:status>publish</wp:status>
		<wp:post_parent>0</wp:post_parent>
		<wp:menu_order>0</wp:menu_order>
		<wp:post_type>vc_widget</wp:post_type>
		<wp:post_password></wp:post_password>
		<wp:is_sticky>0</wp:is_sticky>
		<wp:postmeta>
			<wp:meta_key>_edit_last</wp:meta_key>
			<wp:meta_value><![CDATA[1]]></wp:meta_value>
		</wp:postmeta>
		<wp:postmeta>
			<wp:meta_key>_wpb_vc_js_status</wp:meta_key>
			<wp:meta_value><![CDATA[true]]></wp:meta_value>
		</wp:postmeta>
		<wp:postmeta>
			<wp:meta_key>_vc_post_settings</wp:meta_key>
			<wp:meta_value><![CDATA[a:1:{s:10:"vc_grid_id";a:0:{}}]]></wp:meta_value>
		</wp:postmeta>
		<wp:postmeta>
			<wp:meta_key>_wpb_shortcodes_custom_css</wp:meta_key>
			<wp:meta_value><![CDATA[.vc_custom_1445068901666{margin-top: 50px !important;margin-bottom: 0px !important;}]]></wp:meta_value>
		</wp:postmeta>
		<wp:postmeta>
			<wp:meta_key>slide_template</wp:meta_key>
			<wp:meta_value><![CDATA[default]]></wp:meta_value>
		</wp:postmeta>
	</item>
	<item>
		<title>Results list</title>
		<link>http://azexo.com/sportak/vc_widget/results-list/</link>
		<pubDate>Sat, 17 Oct 2015 06:03:51 +0000</pubDate>
		<dc:creator><![CDATA[admin]]></dc:creator>
		<guid isPermaLink="false">http://localhost/wordpress4/?post_type=vc_widget&#038;p=334</guid>
		<description></description>
		<content:encoded><![CDATA[[vc_row css=".vc_custom_1445061751775{margin-bottom: 0px !important;}"][vc_column el_class="h-padding-0"][/vc_column][/vc_row]]]></content:encoded>
		<excerpt:encoded><![CDATA[]]></excerpt:encoded>
		<wp:post_id>334</wp:post_id>
		<wp:post_date>2015-10-17 06:03:51</wp:post_date>
		<wp:post_date_gmt>2015-10-17 06:03:51</wp:post_date_gmt>
		<wp:comment_status>closed</wp:comment_status>
		<wp:ping_status>closed</wp:ping_status>
		<wp:post_name>results-list</wp:post_name>
		<wp:status>publish</wp:status>
		<wp:post_parent>0</wp:post_parent>
		<wp:menu_order>0</wp:menu_order>
		<wp:post_type>vc_widget</wp:post_type>
		<wp:post_password></wp:post_password>
		<wp:is_sticky>0</wp:is_sticky>
		<wp:postmeta>
			<wp:meta_key>_edit_last</wp:meta_key>
			<wp:meta_value><![CDATA[1]]></wp:meta_value>
		</wp:postmeta>
		<wp:postmeta>
			<wp:meta_key>_wpb_shortcodes_custom_css</wp:meta_key>
			<wp:meta_value><![CDATA[.vc_custom_1445061751775{margin-bottom: 0px !important;}]]></wp:meta_value>
		</wp:postmeta>
		<wp:postmeta>
			<wp:meta_key>_wpb_vc_js_status</wp:meta_key>
			<wp:meta_value><![CDATA[true]]></wp:meta_value>
		</wp:postmeta>
		<wp:postmeta>
			<wp:meta_key>_vc_post_settings</wp:meta_key>
			<wp:meta_value><![CDATA[a:2:{s:7:"vc_grid";a:0:{}s:10:"vc_grid_id";a:0:{}}]]></wp:meta_value>
		</wp:postmeta>
	</item>
	<item>
		<title>Results list header</title>
		<link>http://azexo.com/sportak/vc_widget/results-list-header/</link>
		<pubDate>Sat, 17 Oct 2015 09:15:11 +0000</pubDate>
		<dc:creator><![CDATA[admin]]></dc:creator>
		<guid isPermaLink="false">http://localhost/wordpress4/?post_type=vc_widget&#038;p=343</guid>
		<description></description>
		<content:encoded><![CDATA[[vc_row css=".vc_custom_1445068901666{margin-top: 50px !important;margin-bottom: 0px !important;}"][vc_column el_class="h-padding-0"][azexo_posts_list post_type="azsc_match" max_items="1" orderby="meta_value" template="match-result" meta_key="_az_date_time" posts_clauses="azexo_current_time_ordering_filter"][/vc_column][/vc_row]]]></content:encoded>
		<excerpt:encoded><![CDATA[]]></excerpt:encoded>
		<wp:post_id>343</wp:post_id>
		<wp:post_date>2015-10-17 09:15:11</wp:post_date>
		<wp:post_date_gmt>2015-10-17 09:15:11</wp:post_date_gmt>
		<wp:comment_status>closed</wp:comment_status>
		<wp:ping_status>closed</wp:ping_status>
		<wp:post_name>results-list-header</wp:post_name>
		<wp:status>publish</wp:status>
		<wp:post_parent>0</wp:post_parent>
		<wp:menu_order>0</wp:menu_order>
		<wp:post_type>vc_widget</wp:post_type>
		<wp:post_password></wp:post_password>
		<wp:is_sticky>0</wp:is_sticky>
		<wp:postmeta>
			<wp:meta_key>_edit_last</wp:meta_key>
			<wp:meta_value><![CDATA[1]]></wp:meta_value>
		</wp:postmeta>
		<wp:postmeta>
			<wp:meta_key>_wpb_vc_js_status</wp:meta_key>
			<wp:meta_value><![CDATA[true]]></wp:meta_value>
		</wp:postmeta>
		<wp:postmeta>
			<wp:meta_key>_vc_post_settings</wp:meta_key>
			<wp:meta_value><![CDATA[a:1:{s:10:"vc_grid_id";a:0:{}}]]></wp:meta_value>
		</wp:postmeta>
		<wp:postmeta>
			<wp:meta_key>_wpb_shortcodes_custom_css</wp:meta_key>
			<wp:meta_value><![CDATA[.vc_custom_1445068901666{margin-top: 50px !important;margin-bottom: 0px !important;}]]></wp:meta_value>
		</wp:postmeta>
		<wp:postmeta>
			<wp:meta_key>slide_template</wp:meta_key>
			<wp:meta_value><![CDATA[default]]></wp:meta_value>
		</wp:postmeta>
	</item>
	<item>
		<title>Latest news</title>
		<link>http://azexo.com/sportak/vc_widget/latest-news/</link>
		<pubDate>Sat, 17 Oct 2015 12:57:14 +0000</pubDate>
		<dc:creator><![CDATA[admin]]></dc:creator>
		<guid isPermaLink="false">http://localhost/wordpress4/?post_type=vc_widget&#038;p=347</guid>
		<description></description>
		<content:encoded><![CDATA[[vc_row css=".vc_custom_1445087506402{margin-bottom: 0px !important;}"][vc_column el_class="h-padding-0"][azexo_posts_list max_items="3" template="thumb_title_post"][/vc_column][/vc_row]]]></content:encoded>
		<excerpt:encoded><![CDATA[]]></excerpt:encoded>
		<wp:post_id>347</wp:post_id>
		<wp:post_date>2015-10-17 12:57:14</wp:post_date>
		<wp:post_date_gmt>2015-10-17 12:57:14</wp:post_date_gmt>
		<wp:comment_status>closed</wp:comment_status>
		<wp:ping_status>closed</wp:ping_status>
		<wp:post_name>latest-news</wp:post_name>
		<wp:status>publish</wp:status>
		<wp:post_parent>0</wp:post_parent>
		<wp:menu_order>0</wp:menu_order>
		<wp:post_type>vc_widget</wp:post_type>
		<wp:post_password></wp:post_password>
		<wp:is_sticky>0</wp:is_sticky>
		<wp:postmeta>
			<wp:meta_key>_edit_last</wp:meta_key>
			<wp:meta_value><![CDATA[1]]></wp:meta_value>
		</wp:postmeta>
		<wp:postmeta>
			<wp:meta_key>_wpb_vc_js_status</wp:meta_key>
			<wp:meta_value><![CDATA[true]]></wp:meta_value>
		</wp:postmeta>
		<wp:postmeta>
			<wp:meta_key>_vc_post_settings</wp:meta_key>
			<wp:meta_value><![CDATA[a:2:{s:7:"vc_grid";a:0:{}s:10:"vc_grid_id";a:0:{}}]]></wp:meta_value>
		</wp:postmeta>
		<wp:postmeta>
			<wp:meta_key>_wpb_shortcodes_custom_css</wp:meta_key>
			<wp:meta_value><![CDATA[.vc_custom_1445087506402{margin-bottom: 0px !important;}]]></wp:meta_value>
		</wp:postmeta>
	</item>
	<item>
		<title>Subscribe</title>
		<link>http://azexo.com/sportak/vc_widget/newsletter-2/</link>
		<pubDate>Sat, 17 Oct 2015 13:08:18 +0000</pubDate>
		<dc:creator><![CDATA[admin]]></dc:creator>
		<guid isPermaLink="false">http://localhost/wordpress4/?post_type=vc_widget&#038;p=351</guid>
		<description></description>
		<content:encoded><![CDATA[[vc_row][vc_column el_class="h-padding-0"][/vc_column][/vc_row]]]></content:encoded>
		<excerpt:encoded><![CDATA[]]></excerpt:encoded>
		<wp:post_id>351</wp:post_id>
		<wp:post_date>2015-10-17 13:08:18</wp:post_date>
		<wp:post_date_gmt>2015-10-17 13:08:18</wp:post_date_gmt>
		<wp:comment_status>closed</wp:comment_status>
		<wp:ping_status>closed</wp:ping_status>
		<wp:post_name>newsletter-2</wp:post_name>
		<wp:status>publish</wp:status>
		<wp:post_parent>0</wp:post_parent>
		<wp:menu_order>0</wp:menu_order>
		<wp:post_type>vc_widget</wp:post_type>
		<wp:post_password></wp:post_password>
		<wp:is_sticky>0</wp:is_sticky>
		<wp:postmeta>
			<wp:meta_key>_edit_last</wp:meta_key>
			<wp:meta_value><![CDATA[1]]></wp:meta_value>
		</wp:postmeta>
		<wp:postmeta>
			<wp:meta_key>_wpb_vc_js_status</wp:meta_key>
			<wp:meta_value><![CDATA[true]]></wp:meta_value>
		</wp:postmeta>
		<wp:postmeta>
			<wp:meta_key>_vc_post_settings</wp:meta_key>
			<wp:meta_value><![CDATA[a:2:{s:7:"vc_grid";a:0:{}s:10:"vc_grid_id";a:0:{}}]]></wp:meta_value>
		</wp:postmeta>
	</item>
	<item>
		<title>Match header</title>
		<link>http://azexo.com/sportak/vc_widget/match-header/</link>
		<pubDate>Sat, 17 Oct 2015 14:32:49 +0000</pubDate>
		<dc:creator><![CDATA[admin]]></dc:creator>
		<guid isPermaLink="false">http://localhost/wordpress4/?post_type=vc_widget&#038;p=355</guid>
		<description></description>
		<content:encoded><![CDATA[[vc_row css=".vc_custom_1446469173076{margin-top: 50px !important;}" el_class="future-match"][vc_column el_class="h-padding-0"][azexo_post post_type="azsc_match" template="next-match"][/vc_column][/vc_row]]]></content:encoded>
		<excerpt:encoded><![CDATA[]]></excerpt:encoded>
		<wp:post_id>355</wp:post_id>
		<wp:post_date>2015-10-17 14:32:49</wp:post_date>
		<wp:post_date_gmt>2015-10-17 14:32:49</wp:post_date_gmt>
		<wp:comment_status>closed</wp:comment_status>
		<wp:ping_status>closed</wp:ping_status>
		<wp:post_name>match-header</wp:post_name>
		<wp:status>publish</wp:status>
		<wp:post_parent>0</wp:post_parent>
		<wp:menu_order>0</wp:menu_order>
		<wp:post_type>vc_widget</wp:post_type>
		<wp:post_password></wp:post_password>
		<wp:is_sticky>0</wp:is_sticky>
		<wp:postmeta>
			<wp:meta_key>_edit_last</wp:meta_key>
			<wp:meta_value><![CDATA[1]]></wp:meta_value>
		</wp:postmeta>
		<wp:postmeta>
			<wp:meta_key>_wpb_vc_js_status</wp:meta_key>
			<wp:meta_value><![CDATA[true]]></wp:meta_value>
		</wp:postmeta>
		<wp:postmeta>
			<wp:meta_key>_vc_post_settings</wp:meta_key>
			<wp:meta_value><![CDATA[a:1:{s:10:"vc_grid_id";a:0:{}}]]></wp:meta_value>
		</wp:postmeta>
		<wp:postmeta>
			<wp:meta_key>_wpb_shortcodes_custom_css</wp:meta_key>
			<wp:meta_value><![CDATA[.vc_custom_1446469173076{margin-top: 50px !important;}]]></wp:meta_value>
		</wp:postmeta>
		<wp:postmeta>
			<wp:meta_key>slide_template</wp:meta_key>
			<wp:meta_value><![CDATA[default]]></wp:meta_value>
		</wp:postmeta>
	</item>
	<item>
		<title>Fans</title>
		<link>http://azexo.com/sportak/vc_widget/fans/</link>
		<pubDate>Tue, 27 Oct 2015 12:43:34 +0000</pubDate>
		<dc:creator><![CDATA[admin]]></dc:creator>
		<guid isPermaLink="false">http://azexo.com/sportak/?post_type=vc_widget&#038;p=623</guid>
		<description></description>
		<content:encoded><![CDATA[[vc_row css=".vc_custom_1445949813018{margin-bottom: 0px !important;}"][vc_column][vc_single_image image="434" img_size="full" alignment="center" css=".vc_custom_1445950300778{margin-bottom: 0px !important;}"][/vc_column][/vc_row]]]></content:encoded>
		<excerpt:encoded><![CDATA[]]></excerpt:encoded>
		<wp:post_id>623</wp:post_id>
		<wp:post_date>2015-10-27 12:43:34</wp:post_date>
		<wp:post_date_gmt>2015-10-27 12:43:34</wp:post_date_gmt>
		<wp:comment_status>closed</wp:comment_status>
		<wp:ping_status>closed</wp:ping_status>
		<wp:post_name>fans</wp:post_name>
		<wp:status>publish</wp:status>
		<wp:post_parent>0</wp:post_parent>
		<wp:menu_order>0</wp:menu_order>
		<wp:post_type>vc_widget</wp:post_type>
		<wp:post_password></wp:post_password>
		<wp:is_sticky>0</wp:is_sticky>
		<wp:postmeta>
			<wp:meta_key>_edit_last</wp:meta_key>
			<wp:meta_value><![CDATA[1]]></wp:meta_value>
		</wp:postmeta>
		<wp:postmeta>
			<wp:meta_key>_wpb_vc_js_status</wp:meta_key>
			<wp:meta_value><![CDATA[true]]></wp:meta_value>
		</wp:postmeta>
		<wp:postmeta>
			<wp:meta_key>_vc_post_settings</wp:meta_key>
			<wp:meta_value><![CDATA[a:1:{s:10:"vc_grid_id";a:0:{}}]]></wp:meta_value>
		</wp:postmeta>
		<wp:postmeta>
			<wp:meta_key>_wpb_shortcodes_custom_css</wp:meta_key>
			<wp:meta_value><![CDATA[.vc_custom_1445949813018{margin-bottom: 0px !important;}.vc_custom_1445950300778{margin-bottom: 0px !important;}]]></wp:meta_value>
		</wp:postmeta>
	</item>
	<item>
		<title>Slider</title>
		<link>http://azexo.com/sportak/vc_widget/slider-2/</link>
		<pubDate>Tue, 27 Oct 2015 14:52:03 +0000</pubDate>
		<dc:creator><![CDATA[admin]]></dc:creator>
		<guid isPermaLink="false">http://azexo.com/sportak/?post_type=vc_widget&#038;p=650</guid>
		<description></description>
		<content:encoded><![CDATA[[vc_row el_class="backing" css=".vc_custom_1445957617291{margin-bottom: 0px !important;}"][vc_column el_class="h-padding-0"][rev_slider_vc alias="home"][/vc_column][/vc_row][vc_row css=".vc_custom_1444276882986{margin-bottom: 0px !important;}"][vc_column][/vc_column][/vc_row]]]></content:encoded>
		<excerpt:encoded><![CDATA[]]></excerpt:encoded>
		<wp:post_id>650</wp:post_id>
		<wp:post_date>2015-10-27 14:52:03</wp:post_date>
		<wp:post_date_gmt>2015-10-27 14:52:03</wp:post_date_gmt>
		<wp:comment_status>closed</wp:comment_status>
		<wp:ping_status>closed</wp:ping_status>
		<wp:post_name>slider-2</wp:post_name>
		<wp:status>publish</wp:status>
		<wp:post_parent>0</wp:post_parent>
		<wp:menu_order>0</wp:menu_order>
		<wp:post_type>vc_widget</wp:post_type>
		<wp:post_password></wp:post_password>
		<wp:is_sticky>0</wp:is_sticky>
		<wp:postmeta>
			<wp:meta_key>_edit_last</wp:meta_key>
			<wp:meta_value><![CDATA[1]]></wp:meta_value>
		</wp:postmeta>
		<wp:postmeta>
			<wp:meta_key>_wpb_vc_js_status</wp:meta_key>
			<wp:meta_value><![CDATA[true]]></wp:meta_value>
		</wp:postmeta>
		<wp:postmeta>
			<wp:meta_key>_vc_post_settings</wp:meta_key>
			<wp:meta_value><![CDATA[a:1:{s:10:"vc_grid_id";a:0:{}}]]></wp:meta_value>
		</wp:postmeta>
		<wp:postmeta>
			<wp:meta_key>slide_template</wp:meta_key>
			<wp:meta_value><![CDATA[default]]></wp:meta_value>
		</wp:postmeta>
		<wp:postmeta>
			<wp:meta_key>_wpb_shortcodes_custom_css</wp:meta_key>
			<wp:meta_value><![CDATA[.vc_custom_1445957617291{margin-bottom: 0px !important;}.vc_custom_1444276882986{margin-bottom: 0px !important;}]]></wp:meta_value>
		</wp:postmeta>
	</item>
	<item>
		<title>Match result header</title>
		<link>http://azexo.com/sportak/vc_widget/match-result-header/</link>
		<pubDate>Mon, 02 Nov 2015 12:59:19 +0000</pubDate>
		<dc:creator><![CDATA[admin]]></dc:creator>
		<guid isPermaLink="false">http://azexo.com/sportak/?post_type=vc_widget&#038;p=758</guid>
		<description></description>
		<content:encoded><![CDATA[[vc_row css=".vc_custom_1446469187402{margin-top: 50px !important;}" el_class="overpast-match"][vc_column el_class="h-padding-0"][azexo_post post_type="azsc_match" template="match-result"][/vc_column][/vc_row]]]></content:encoded>
		<excerpt:encoded><![CDATA[]]></excerpt:encoded>
		<wp:post_id>758</wp:post_id>
		<wp:post_date>2015-11-02 12:59:19</wp:post_date>
		<wp:post_date_gmt>2015-11-02 12:59:19</wp:post_date_gmt>
		<wp:comment_status>closed</wp:comment_status>
		<wp:ping_status>closed</wp:ping_status>
		<wp:post_name>match-result-header</wp:post_name>
		<wp:status>publish</wp:status>
		<wp:post_parent>0</wp:post_parent>
		<wp:menu_order>0</wp:menu_order>
		<wp:post_type>vc_widget</wp:post_type>
		<wp:post_password></wp:post_password>
		<wp:is_sticky>0</wp:is_sticky>
		<wp:postmeta>
			<wp:meta_key>_edit_last</wp:meta_key>
			<wp:meta_value><![CDATA[1]]></wp:meta_value>
		</wp:postmeta>
		<wp:postmeta>
			<wp:meta_key>_wpb_vc_js_status</wp:meta_key>
			<wp:meta_value><![CDATA[true]]></wp:meta_value>
		</wp:postmeta>
		<wp:postmeta>
			<wp:meta_key>_vc_post_settings</wp:meta_key>
			<wp:meta_value><![CDATA[a:1:{s:10:"vc_grid_id";a:0:{}}]]></wp:meta_value>
		</wp:postmeta>
		<wp:postmeta>
			<wp:meta_key>_wpb_shortcodes_custom_css</wp:meta_key>
			<wp:meta_value><![CDATA[.vc_custom_1446469187402{margin-top: 50px !important;}]]></wp:meta_value>
		</wp:postmeta>
		<wp:postmeta>
			<wp:meta_key>slide_template</wp:meta_key>
			<wp:meta_value><![CDATA[default]]></wp:meta_value>
		</wp:postmeta>
	</item>
</channel>
</rss>
