[{"cs-1":["azexo_title-2","vc_widget-14","vc_widget-4","vc_widget-12","vc_widget-13"],"shop":["woocommerce_product_categories-2","woocommerce_top_rated_products-2"],"sidebar":["categories-2","vc_widget-8","vc_widget-9","tag_cloud-2"],"footer_sidebar":["vc_widget-10","vc_widget-7","vc_widget-6"],"header_sidebar":["vc_widget-2"],"middle_sidebar":["vc_widget-11","vc_widget-3","vc_widget-5"]},{"azexo_title":{"2":{"classes":"","ids":null},"_multiwidget":1},"vc_widget":{"14":{"title":"","post":"758","classes":"","conditions":{"action":"show","rules":[{"major":"page","minor":"post_type-azsc_match"}]},"ids":null},"4":{"title":"","post":"355","classes":"","conditions":{"action":"show","rules":[{"major":"page","minor":"post_type-azsc_match"}]},"ids":null},"12":{"title":"","post":"329","classes":"","conditions":{"action":"show","rules":[{"major":"page","minor":"313"}]},"ids":null},"13":{"title":"","post":"343","classes":"","conditions":{"action":"show","rules":[{"major":"page","minor":"725"}]},"ids":null},"8":{"title":"Newsletter","post":"61","classes":"light","ids":null},"9":{"title":"Latest news","post":"347","classes":"","ids":null},"10":{"title":"","post":"623","classes":"","conditions":{"action":"show","rules":[{"major":"page","minor":"313"}]},"ids":null},"7":{"title":"","post":"153","classes":"","conditions":{"action":"show","rules":[{"major":"page","minor":"post_type-azsc_player"}]},"ids":null},"6":{"title":"","post":"71","classes":"","ids":null},"2":{"title":"","post":"13","classes":"","ids":null},"11":{"title":"","post":"650","classes":"","conditions":{"action":"show","rules":[{"major":"page","minor":"front"}]},"ids":null},"3":{"title":"","post":"8","classes":"","conditions":{"action":"hide","rules":[{"major":"page","minor":"front"}]},"ids":null},"5":{"title":"","post":"120","classes":"","conditions":{"action":"show","rules":[{"major":"page","minor":"post_type-azsc_player"}]},"ids":null},"_multiwidget":1},"woocommerce_product_categories":{"2":{"title":"Categories","orderby":"name","dropdown":0,"count":0,"hierarchical":"1","show_children_only":0,"classes":"","ids":null},"_multiwidget":1},"woocommerce_top_rated_products":{"2":{"title":"Top Rated","number":"3","classes":"light","ids":null},"_multiwidget":1},"categories":{"2":{"title":"","count":0,"hierarchical":0,"dropdown":0,"classes":"","ids":null},"_multiwidget":1},"tag_cloud":{"2":{"title":"","taxonomy":"post_tag","classes":"light","ids":null},"_multiwidget":1}}]